https://www.pacific.edu/student-life/bookstores
http://www.edupass.org/finaid/databases.phtml
https://www.pacific.edu/node/28883
https://www.pacific.edu/admission/contact-admission
https://educationusa.state.gov/
http://www.iefa.org/
https://dental.pacific.edu/dental/academic-programs/international-dental-studies
https://www.uopinternational.org
https://www.pacific.edu/academics/honors/powell-scholars
https://www.pacific.edu/about-pacific/administration-offices/office-of-the-registrar/articulation-agreements-roar/transferring-coursework-to-pacific/international-coursework
http://www.internationalscholarships.com/
https://www.facebook.com/universityofthepacific/
https://www.pacific.edu/student-life
https://www.pacific.edu/academics
https://www.pacific.edu/about-pacific/learning-outcomes
https://grad.pacific.edu/admission/graduate/online-programs
https://www.pacific.edu/about-pacific/campuses
https://www.pacific.edu/financial-aid
https://www.pacific.edu/academics/academic-support
https://www.pacific.edu/student-life/safety-wellness/victim-advocacy-program/emergency-contact-information
https://www.pacific.edu/sacramento-campus
https://www.pacific.edu/about-pacific/administrative-offices/university-development-alumni-relations
https://www.pacific.edu/about/sustainability
https://www.pacific.edu/privacy-policy
https://www.linkedin.com/school/university-of-the-pacific/mycompany/
https://www.pacific.edu/community/beyond-our-gates
https://pharmacy.pacific.edu/pharmacy/medicare
https://www.pacific.edu/admission/international-student
https://my.pacific.edu/
https://www.pacific.edu/academics/research-scholarship
http://www.pacifictigers.com/landing/index
https://www.pacific.edu/about-pacific
https://grad.pacific.edu/admission/graduate
http://twitter.com/#!/UOPacific
https://www.pacific.edu/digital-accessibility-statement
https://www.pacific.edu/student-life/career-services
https://www.pacific.edu/student-life/housing-dining/residential-life-and-housing
https://www.pacific.edu/admission/apply
https://www.pacific.edu/about-pacific/diversity-equity-inclusion
https://dental.pacific.edu/dental/dental-services
https://www.pacific.edu/covid-19-update
https://www.pacific.edu/student-life/student-conduct/title-ix-sexual-misconduct-procedures
https://www.pacific.edu/stockton-campus
https://www.pacific.edu/academics/schools-and-colleges
https://engineering.pacific.edu/engineering/cooperative-education-program
https://www.pacific.edu/admission/fouryearguarantee
https://pharmacy.pacific.edu/pharmacy/pharmd
https://www.pacific.edu/university-libraries
https://law.pacific.edu/law/legal-clinics
https://www.pacific.edu/about/non-discrimination
https://www.pacific.edu/admission/undergraduate
https://www.pacific.edu/student-life/safety-wellness
https://www.pacific.edu/admission/visit
https://www.pacific.edu/san-francisco-campus
https://www.pacific.edu/student-life/safety-wellness/public-safety/clery-act-compliance
https://engineering.pacific.edu/engineering
https://www.pacific.edu/contact
https://www.pacific.edu/student-life/equity-inclusion
https://www.pacific.edu/student-life/bookstores
https://www.pacific.edu/about-pacific/administrative-offices/office-of-the-president/president
https://www.pacific.edu/about-pacific/university-leadership
https://www.pacific.edu/about-pacific/history-mission
https://law.pacific.edu/law/jd-programs/deadlines-and-requirements
https://www.pacific.edu/about-pacific/administrative-offices/business-and-finance-division/human-resources
https://www.pacific.edu/alumni
https://www.youvisit.com/#/vte/?data-platform=v&data-inst=60214&
https://www.pacific.edu/dual-degree-programs
https://www.pacific.edu/admission/request-info
https://www.pacific.edu/admission
https://www.pacific.edu/campus-directory
https://www.pacific.edu/student-life/activities-programs
https://www.instagram.com/universityofthepacific/?hl=en
https://www.pacific.edu/student-life/student-services
https://dental.pacific.edu/dental/academic-programs
https://www.pacific.edu/event-services
https://education.pacific.edu/education/professional-development
https://www.pacific.edu/academics/community-involvement-program
https://webshare.pacific.edu/sites/policies/SitePages/A-Z%20Policy%20Listing.aspx
https://www.pacific.edu/academics/graduate-programs
https://www.youtube.com/channel/UCxA1tKxPVp5JblK-cdcUZOQ
https://discord.gg/cGx3huKb9C
https://www.iefa.org
https://www.instagram.com/iefaorg/
https://www.mpowerfinancing.com/get-a-loan/?utm_source=edupass&utm_medium=banner&utm_campaign=financial-aid
https://www.edupass.org/admissions/
https://www.edupass.org/living-in-the-usa/resources/
https://www.mpowerfinancing.com/scholarships/
http://www.edupass.org/finaid/european-students/
https://www.edupass.org/living-in-the-usa/
https://www.edupass.org/living-in-the-usa/living-in-usa/
https://www.akdn.org/our-agencies/aga-khan-foundation/international-scholarship-programme
http://www.edupass.org/finaid/canadian/
https://www.conacyt.gob.mx/
https://www.edupass.org/living-in-the-usa/cultural-differences/
https://app.mpowerfinancing.com/?utm_source=Edupass&utm_medium=Organic&utm_campaign=ISN&utm_term=edupass
https://www.edupass.org/about/privacy/
https://www.edupass.org/paying-for-college/databases/
https://www.edupass.org/student-resources/
https://www.colfuturo.org/
https://www.fastweb.com/
https://www.edupass.org/about/
http://www.edupass.org/admissions/tests/
https://www.buddy4study.com/scholarships
http://www.edupass.org/contact/
https://www.peointernational.org/about-peo-international-peace-scholarship-ips
https://www.edupass.org/paying-for-college/planning/
https://www.edupass.org/admissions/should-you-apply/
https://www.edupass.org/immigrating-to-the-usa/
https://www.edukasyon.ph/welcome
https://www.instagram.com/edupass_guide/
https://www.edupass.org/student-loan-finder/
https://www.edupass.org/immigrating-to-the-usa/passports-visas/
https://www.edupass.org/paying-for-college/
https://www.edupass.org/immigrating-to-the-usa/english-as-a-second-language/
https://www.edupass.org/paying-for-college/financial-aid/
https://www.aauw.org/resources/programs/fellowships-grants/current-opportunities/international/
https://www.edupass.org
https://bigfuture.collegeboard.org/scholarship-search
https://www.internationalstudent.com/scholarships/
https://www.facebook.com/groups/482732295873262
https://www.opensocietyfoundations.org/grants/civil-society-leadership-awards
https://www.edupass.org/immigrating-to-the-usa/traveling-to-the-usa/
https://www.worldbank.org/en/programs/scholarships#3
https://www.edupass.org/
https://www.edupass.org/admissions/completing-your-application/
https://www.facebook.com/groups/482732295873262/
https://www.edupass.org/paying-for-college/scholarships/
https://www.edupass.org/admissions/before-you-apply/
https://www.facebook.com/Edupass-The-International-Student-Guide-to-the-USA-105269510968645/
https://blog.iefa.org/
https://blog.iefa.org/2023/08/03/engineering-scholarships-2/
https://www.iefa.org/
https://blog.iefa.org/2023/05/29/benefits-of-studying-in-the-us/
https://www.youtube.com/channel/UCxA1tKxPVp5JblK-cdcUZOQ/
https://blog.iefa.org/2023/09/28/refinance-international-student-loan/
https://blog.iefa.org/2023/06/27/merit-scholarships/
https://www.mpowerfinancing.com
https://twitter.com/iefaOrg
https://www.facebook.com/iefa.org
https://blog.iefa.org/2023/07/07/networking-for-international-students/
https://outlook.office.com/bookwithme/user/60627f81800e4ba7b1777b775e0cd575%40PACIFIC.EDU/meetingtype/Klm2LrEs3k-3R_gcM3tcZA2?anonymous
https://outlook.office365.com/owa/calendar/MeetingswithMelanie@PacificEdu.onmicrosoft.com/bookings/
https://outlook.office365.com/owa/calendar/OneonOneAdmissionsMeetingwithMatthias@PacificEdu.onmicrosoft.com/bookings/
https://outlook.office365.com/owa/calendar/UniversityofthePacificVivianChan@PacificEdu.onmicrosoft.com/bookings/
https://connect.pacific.edu/portal/campusvisits-virtual22
https://outlook.office365.com/owa/calendar/KeithSanpeiHAWAIIAppointments@PacificEdu.onmicrosoft.com/bookings/s/l18QM5VXo02yaT7OdmaoIw2
https://outlook.office365.com/owa/calendar/ScheduleAMeetingWithDomenic@PacificEdu.onmicrosoft.com/bookings/
https://outlook.office365.com/owa/calendar/UOP4@PacificEdu.onmicrosoft.com/bookings/
https://outlook.office.com/bookwithme/user/f76adb4fbeee4456b349113d1931750c%40PACIFIC.EDU/meetingtype/7K0fAVNg9UWlVy0iPl9QXw2?anonymous
https://outlook.office365.com/owa/calendar/UniversityofthePacific3119269@PacificEdu.onmicrosoft.com/bookings/
https://outlook.office365.com/owa/calendar/AdmissionAppointments@PacificEdu.onmicrosoft.com/bookings/s/7YQVTkKr80ON5Pgul5f5ig2
https://www.pacific.edu/about-pacific/administrative-offices/office-of-the-registrar/articulation-agreements-roar
https://www.pacific.edu/about-pacific/administrative-offices
http://www.jsilny.com/html/foreign.htm%22%20%5Ct%20%22_blank%22%20%5Co%20%22JSinly%20Services%20and%20fees
https://www.ece.org/ECE/Individuals
https://www.pacific.edu/about-pacific/administrative-offices/office-of-the-registrar/transferring-coursework
https://www.pacific.edu/about-pacific/administrative-offices/office-of-the-registrar/articulation-agreements-roar/transferring-coursework-to-pacific
https://www.pacific.edu/admission/contact-admission
https://www.pacific.edu/about-pacific/administrative-offices/office-of-the-registrar
https://liberalarts.pacific.edu/campus-directory/jeffrey-hole
https://www.instagram.com/pacificpowellscholars/
https://www.pacific.edu/academics/honors
https://www.pacific.edu/academics/honors/powell-scholars/angel-zhong
https://www.pacific.edu/financial-aid/scholarships
https://www.pacific.edu/academics/honors/powell-scholars/jose-flores-jimenez
https://connect.pacific.edu/register/powell23
https://www.pacific.edu/academics/honors/powell-scholars/connor-lemon
https://www.pacific.edu/academics/honors/powell-scholars/avery-whipple
https://dental.pacific.edu/dental/academic-programs/international-dental-studies/ids-faculty
https://dental.pacific.edu/dental/academic-programs/pre-dentistry
https://dental.pacific.edu/dental/visit
https://dental.pacific.edu/dental/academic-programs/financial-aid
https://dental.pacific.edu/dental/academic-programs/student-accounts
https://dental.pacific.edu/dental/academic-programs/contact
https://dental.pacific.edu/dental/academic-programs/international-dental-studies/ids-admissions-requirements
https://dental.pacific.edu/student-life/housing-dining/residential-life-and-housing/san-francisco-housing
https://dental.pacific.edu/dental/apply-dugoni
https://dental.pacific.edu/dental/academic-programs/doctor-of-dental-surgery
https://dental.pacific.edu/dental/academic-programs/international-dental-studies/FAQ
https://dental.pacific.edu/dental
https://dental.pacific.edu/dental/academic-programs/doctor-of-dental-surgery/dds-program-how-and-when-to-apply
https://dental.pacific.edu/dental/academic-programs/residency
https://dental.pacific.edu/dental/academic-programs/international-dental-studies/ids-program-how-and-when-to-apply
https://dental.pacific.edu/dental/academic-programs/cost-of-attendance
https://dental.pacific.edu/dental/request-info
https://dental.pacific.edu/dental/support-the-school
https://dental.pacific.edu/dental/academic-programs/iss
https://dental.pacific.edu/dental/academic-programs/doctor-of-dental-surgery/dds-admissions-faq
https://dental.pacific.edu/dental/academic-programs/doctor-of-dental-surgery/dds-admissions-requirements
https://dental.pacific.edu/dental/academic-programs/dental-hygiene
https://dental.pacific.edu/dental/about-dugoni/student-life
https://dental.pacific.edu/dental/academic-programs/international-dental-studies/ids-financial-aid
https://dental.pacific.edu/dental/academic-programs/doctor-of-dental-surgery/tuition-and-fees
https://dental.pacific.edu/dental/academic-programs/technical-standards
https://dental.pacific.edu/campus-directory/emma-hopson
https://www.pacific.edu/about-pacific/fast-facts
http://www.internationalscholarships.com/
http://www.edupass.org/finaid/databases.phtml
http://www.iefa.org/
https://www.pacific.edu/node/28883
https://www.pacific.edu/about-pacific/administration-offices/office-of-the-registrar/articulation-agreements-roar/transferring-coursework-to-pacific/international-coursework
https://educationusa.state.gov/
https://www.uopinternational.org
https://www.pacific.edu/academics/honors/powell-scholars
https://dental.pacific.edu/dental/academic-programs/international-dental-studies
https://www.pacific.edu/admission/admission-events
https://goo.gl/maps/2KppXpW2bmgrUuhz8
https://www.pacific.edu/sites/default/files/users/user243/stkCampusMap.pdf
https://connect.pacific.edu/register/?id=b56e5569-9c66-43ac-9ecb-eb372c33ce42
https://www.google.com/maps/d/u/0/viewer?mid=16hbhGL7pqdvQNXRWAJCfBgV7OHaoA66O&ll=37.98232006984673%2C-121.31027519999999&z=14
https://www.pacific.edu/alumni/homecoming
https://www.pacific.edu/admission/visit/tours
https://pacific.imodules.com/HC23
https://www.youvisit.com/#/vte/?data-platform=v&data-link-type=immersive&data-inst=60214&data-image-width=100%&data-image-height=170%&
https://www.pacific.edu/academics/undergraduate-programs
https://www.pacific.edu/admission/admission-events/fall-open-house
https://www.pacific.edu/calendar/Homecoming/all/all/all
https://pacific.imodules.com/s/749/16/interior.aspx?sid=749&gid=1&pgid=6536&cid=11789&ecid=11789
https://www.pacific.edu/academics/graduate-programs?f%5B0%5D=area_of_study%3A2620&f%5B1%5D=area_of_study%3A2625
https://www.pacific.edu/academics/graduate-programs?f%5B0%5D=area_of_study%3A2620&f%5B1%5D=area_of_study%3A2623
https://www.pacific.edu/academics/graduate-programs?f%5B0%5D=area_of_study%3A2620&f%5B1%5D=area_of_study%3A2631
https://www.pacific.edu/academics/graduate-programs?f%5B0%5D=area_of_study%3A2620&f%5B1%5D=area_of_study%3A2624
https://www.pacific.edu/academics/graduate-programs?f%5B0%5D=area_of_study%3A2620&f%5B1%5D=campus%3A2046
https://www.pacific.edu/academics/graduate-programs?f%5B0%5D=area_of_study%3A2619&f%5B1%5D=area_of_study%3A2620
https://www.pacific.edu/academics/graduate-programs?f%5B0%5D=area_of_study%3A2620&f%5B1%5D=area_of_study%3A2628
https://www.pacific.edu/academics/graduate-programs?f%5B0%5D=area_of_study%3A2620&f%5B1%5D=area_of_study%3A2621
https://www.pacific.edu/academics/graduate-programs?f%5B0%5D=area_of_study%3A2618&f%5B1%5D=area_of_study%3A2620
https://www.pacific.edu/academics/graduate-programs?f%5B0%5D=area_of_study%3A2620&f%5B1%5D=area_of_study%3A2652
https://www.pacific.edu/academics/graduate-programs?facets_query=
https://www.pacific.edu/academics/graduate-programs?f%5B0%5D=area_of_study%3A2620&f%5B1%5D=area_of_study%3A2632
https://www.pacific.edu/academics/graduate-programs?f%5B0%5D=area_of_study%3A2620&f%5B1%5D=area_of_study%3A2626
https://www.pacific.edu/academics/graduate-programs?f%5B0%5D=area_of_study%3A2620&f%5B1%5D=area_of_study%3A2622
https://www.pacific.edu/academics/graduate-programs?f%5B0%5D=area_of_study%3A2623&f%5B1%5D=campus%3A2048
https://www.pacific.edu/academics/graduate-programs?f%5B0%5D=area_of_study%3A2623&f%5B1%5D=area_of_study%3A2626
https://www.pacific.edu/academics/graduate-programs?f%5B0%5D=area_of_study%3A2623&f%5B1%5D=campus%3A2046
https://www.pacific.edu/academics/graduate-programs?f%5B0%5D=area_of_study%3A2623&f%5B1%5D=area_of_study%3A2652
https://www.pacific.edu/academics/graduate-programs?f%5B0%5D=area_of_study%3A2618&f%5B1%5D=area_of_study%3A2623
https://www.pacific.edu/academics/graduate-programs?f%5B0%5D=area_of_study%3A2623&f%5B1%5D=area_of_study%3A2624
https://www.pacific.edu/academics/graduate-programs?f%5B0%5D=area_of_study%3A2623&f%5B1%5D=area_of_study%3A2631
https://www.pacific.edu/academics/graduate-programs?f%5B0%5D=area_of_study%3A2623&f%5B1%5D=area_of_study%3A2625
https://www.pacific.edu/academics/graduate-programs?f%5B0%5D=area_of_study%3A2621&f%5B1%5D=area_of_study%3A2623
https://www.pacific.edu/academics/graduate-programs?f%5B0%5D=area_of_study%3A2622&f%5B1%5D=area_of_study%3A2623
https://www.pacific.edu/academics/graduate-programs?f%5B0%5D=area_of_study%3A2623&f%5B1%5D=area_of_study%3A2628
https://www.pacific.edu/academics/graduate-programs?f%5B0%5D=area_of_study%3A2619&f%5B1%5D=area_of_study%3A2623
https://www.pacific.edu/academics/graduate-programs?f%5B0%5D=area_of_study%3A2623&f%5B1%5D=area_of_study%3A2632
https://www.pacific.edu/academics/graduate-programs?f%5B0%5D=area_of_study%3A2622&f%5B1%5D=area_of_study%3A2625
https://www.pacific.edu/academics/graduate-programs?f%5B0%5D=area_of_study%3A2625&f%5B1%5D=campus%3A2047
https://www.pacific.edu/academics/graduate-programs?f%5B0%5D=area_of_study%3A2625&f%5B1%5D=area_of_study%3A2626
https://www.pacific.edu/academics/graduate-programs?f%5B0%5D=area_of_study%3A2625&f%5B1%5D=campus%3A2048
https://www.pacific.edu/academics/graduate-programs?f%5B0%5D=area_of_study%3A2619&f%5B1%5D=area_of_study%3A2625
https://www.pacific.edu/academics/graduate-programs?f%5B0%5D=area_of_study%3A2624&f%5B1%5D=area_of_study%3A2625
https://www.pacific.edu/academics/graduate-programs?f%5B0%5D=area_of_study%3A2621&f%5B1%5D=area_of_study%3A2625
https://www.pacific.edu/academics/graduate-programs?f%5B0%5D=area_of_study%3A2625&f%5B1%5D=area_of_study%3A2631
https://www.pacific.edu/academics/graduate-programs?f%5B0%5D=area_of_study%3A2625&f%5B1%5D=area_of_study%3A2628
https://www.pacific.edu/academics/graduate-programs?f%5B0%5D=area_of_study%3A2625&f%5B1%5D=campus%3A2046
https://www.pacific.edu/academics/graduate-programs?f%5B0%5D=area_of_study%3A2625&f%5B1%5D=area_of_study%3A2632
https://www.pacific.edu/academics/graduate-programs?f%5B0%5D=area_of_study%3A2625&f%5B1%5D=area_of_study%3A2652
https://www.pacific.edu/academics/graduate-programs?f%5B0%5D=area_of_study%3A2618&f%5B1%5D=area_of_study%3A2625
https://www.pacific.edu/academics/graduate-programs?f%5B0%5D=area_of_study%3A2624&f%5B1%5D=area_of_study%3A2626
https://www.pacific.edu/academics/graduate-programs?f%5B0%5D=area_of_study%3A2619&f%5B1%5D=area_of_study%3A2626
https://www.pacific.edu/academics/graduate-programs?f%5B0%5D=area_of_study%3A2626&f%5B1%5D=campus%3A2047
https://www.pacific.edu/academics/graduate-programs?f%5B0%5D=area_of_study%3A2626&f%5B1%5D=area_of_study%3A2631
https://www.pacific.edu/academics/graduate-programs?f%5B0%5D=area_of_study%3A2618&f%5B1%5D=area_of_study%3A2626
https://www.pacific.edu/academics/graduate-programs?f%5B0%5D=area_of_study%3A2622&f%5B1%5D=area_of_study%3A2626
https://www.pacific.edu/academics/graduate-programs?f%5B0%5D=area_of_study%3A2626&f%5B1%5D=area_of_study%3A2628
https://www.pacific.edu/academics/graduate-programs?f%5B0%5D=area_of_study%3A2626&f%5B1%5D=campus%3A2046
https://www.pacific.edu/academics/graduate-programs?f%5B0%5D=area_of_study%3A2626&f%5B1%5D=area_of_study%3A2632
https://www.pacific.edu/academics/graduate-programs?f%5B0%5D=area_of_study%3A2626&f%5B1%5D=area_of_study%3A2652
https://www.pacific.edu/academics/graduate-programs?f%5B0%5D=area_of_study%3A2621&f%5B1%5D=area_of_study%3A2626
https://www.pacific.edu/academics/graduate-programs?f%5B0%5D=area_of_study%3A2626&f%5B1%5D=campus%3A2048
https://www.pacific.edu/academics/graduate-programs?f%5B0%5D=area_of_study%3A2618&f%5B1%5D=area_of_study%3A2632
https://www.pacific.edu/academics/graduate-programs?f%5B0%5D=area_of_study%3A2618&f%5B1%5D=area_of_study%3A2622
https://www.pacific.edu/academics/graduate-programs?f%5B0%5D=area_of_study%3A2618&f%5B1%5D=area_of_study%3A2628
https://www.pacific.edu/academics/graduate-programs?f%5B0%5D=area_of_study%3A2618&f%5B1%5D=area_of_study%3A2652
https://www.pacific.edu/academics/graduate-programs?f%5B0%5D=area_of_study%3A2618&f%5B1%5D=area_of_study%3A2621
https://www.pacific.edu/academics/graduate-programs?f%5B0%5D=area_of_study%3A2618&f%5B1%5D=campus%3A2047
https://www.pacific.edu/academics/graduate-programs?f%5B0%5D=area_of_study%3A2618&f%5B1%5D=area_of_study%3A2619
https://www.pacific.edu/academics/graduate-programs?f%5B0%5D=area_of_study%3A2618&f%5B1%5D=area_of_study%3A2631
https://www.pacific.edu/academics/graduate-programs?f%5B0%5D=area_of_study%3A2618&f%5B1%5D=area_of_study%3A2624
https://www.pacific.edu/academics/graduate-programs?f%5B0%5D=area_of_study%3A2621&f%5B1%5D=campus%3A2046
https://www.pacific.edu/academics/graduate-programs?f%5B0%5D=area_of_study%3A2621&f%5B1%5D=area_of_study%3A2622
https://www.pacific.edu/academics/graduate-programs?f%5B0%5D=area_of_study%3A2621&f%5B1%5D=area_of_study%3A2628
https://www.pacific.edu/academics/graduate-programs?f%5B0%5D=area_of_study%3A2621&f%5B1%5D=area_of_study%3A2624
https://www.pacific.edu/academics/graduate-programs?f%5B0%5D=area_of_study%3A2621&f%5B1%5D=campus%3A2047
https://www.pacific.edu/academics/graduate-programs?f%5B0%5D=area_of_study%3A2621&f%5B1%5D=area_of_study%3A2632
https://www.pacific.edu/academics/graduate-programs?f%5B0%5D=area_of_study%3A2621&f%5B1%5D=area_of_study%3A2631
https://www.pacific.edu/academics/graduate-programs?f%5B0%5D=area_of_study%3A2621&f%5B1%5D=area_of_study%3A2652
https://www.pacific.edu/academics/graduate-programs?f%5B0%5D=area_of_study%3A2619&f%5B1%5D=area_of_study%3A2621
https://www.pacific.edu/academics/graduate-programs?f%5B0%5D=campus%3A2047&f%5B1%5D=campus%3A2048
https://www.pacific.edu/academics/graduate-programs?f%5B0%5D=campus%3A2046&f%5B1%5D=campus%3A2048
https://www.pacific.edu/academics/graduate-programs?f%5B0%5D=area_of_study%3A2619&f%5B1%5D=campus%3A2048
https://www.pacific.edu/academics/graduate-programs?f%5B0%5D=area_of_study%3A2632&f%5B1%5D=campus%3A2048
https://www.pacific.edu/academics/graduate-programs?f%5B0%5D=area_of_study%3A2624&f%5B1%5D=campus%3A2048
https://www.pacific.edu/academics/graduate-programs?f%5B0%5D=area_of_study%3A2624&f%5B1%5D=campus%3A2046
https://www.pacific.edu/academics/graduate-programs?f%5B0%5D=area_of_study%3A2652&f%5B1%5D=campus%3A2046
https://www.pacific.edu/academics/graduate-programs?f%5B0%5D=area_of_study%3A2628&f%5B1%5D=campus%3A2046
https://www.pacific.edu/academics/graduate-programs?f%5B0%5D=area_of_study%3A2632&f%5B1%5D=campus%3A2046
https://www.pacific.edu/academics/graduate-programs?f%5B0%5D=area_of_study%3A2631&f%5B1%5D=campus%3A2046
https://www.pacific.edu/academics/graduate-programs?f%5B0%5D=area_of_study%3A2622&f%5B1%5D=campus%3A2046
https://www.pacific.edu/academics/graduate-programs?f%5B0%5D=campus%3A2046&f%5B1%5D=campus%3A2047
https://www.pacific.edu/academics/graduate-programs?f%5B0%5D=area_of_study%3A2624&f%5B1%5D=area_of_study%3A2631
https://www.pacific.edu/academics/graduate-programs?f%5B0%5D=area_of_study%3A2624&f%5B1%5D=area_of_study%3A2632
https://www.pacific.edu/academics/graduate-programs?f%5B0%5D=area_of_study%3A2624&f%5B1%5D=area_of_study%3A2628
https://www.pacific.edu/academics/graduate-programs?f%5B0%5D=area_of_study%3A2619&f%5B1%5D=area_of_study%3A2624
https://www.pacific.edu/academics/graduate-programs?f%5B0%5D=area_of_study%3A2624&f%5B1%5D=campus%3A2047
https://www.pacific.edu/academics/graduate-programs?f%5B0%5D=area_of_study%3A2624&f%5B1%5D=area_of_study%3A2652
https://www.pacific.edu/academics/graduate-programs?f%5B0%5D=area_of_study%3A2622&f%5B1%5D=area_of_study%3A2624
https://www.pacific.edu/academics/graduate-programs?f%5B0%5D=area_of_study%3A2619&f%5B1%5D=area_of_study%3A2652
https://www.pacific.edu/academics/graduate-programs?f%5B0%5D=area_of_study%3A2631&f%5B1%5D=area_of_study%3A2652
https://www.pacific.edu/academics/graduate-programs?f%5B0%5D=area_of_study%3A2632&f%5B1%5D=area_of_study%3A2652
https://www.pacific.edu/academics/graduate-programs?f%5B0%5D=area_of_study%3A2622&f%5B1%5D=area_of_study%3A2652
https://www.pacific.edu/academics/graduate-programs?f%5B0%5D=area_of_study%3A2628&f%5B1%5D=area_of_study%3A2652
https://www.pacific.edu/academics/graduate-programs?f%5B0%5D=area_of_study%3A2631&f%5B1%5D=campus%3A2047
https://www.pacific.edu/academics/graduate-programs?f%5B0%5D=area_of_study%3A2619&f%5B1%5D=area_of_study%3A2631
https://www.pacific.edu/academics/graduate-programs?f%5B0%5D=area_of_study%3A2628&f%5B1%5D=area_of_study%3A2631
https://www.pacific.edu/academics/graduate-programs?f%5B0%5D=area_of_study%3A2631&f%5B1%5D=area_of_study%3A2632
https://www.pacific.edu/academics/graduate-programs?f%5B0%5D=area_of_study%3A2622&f%5B1%5D=area_of_study%3A2631
https://www.pacific.edu/academics/graduate-programs?f%5B0%5D=area_of_study%3A2628&f%5B1%5D=campus%3A2047
https://www.pacific.edu/academics/graduate-programs?f%5B0%5D=area_of_study%3A2628&f%5B1%5D=area_of_study%3A2632
https://www.pacific.edu/academics/graduate-programs?f%5B0%5D=area_of_study%3A2619&f%5B1%5D=area_of_study%3A2628
https://www.pacific.edu/academics/graduate-programs?f%5B0%5D=area_of_study%3A2622&f%5B1%5D=area_of_study%3A2628
https://www.pacific.edu/academics/graduate-programs?f%5B0%5D=area_of_study%3A2632&f%5B1%5D=campus%3A2047
https://www.pacific.edu/academics/graduate-programs?f%5B0%5D=area_of_study%3A2619&f%5B1%5D=area_of_study%3A2632
https://www.pacific.edu/academics/graduate-programs?f%5B0%5D=area_of_study%3A2619&f%5B1%5D=area_of_study%3A2622
https://www.pacific.edu/academics/graduate-programs?f%5B0%5D=area_of_study%3A2622&f%5B1%5D=area_of_study%3A2632
https://www.pacific.edu/academics/graduate-programs?f%5B0%5D=area_of_study%3A2620
https://www.pacific.edu/academics/graduate-programs?f%5B0%5D=area_of_study%3A2623
https://www.pacific.edu/academics/graduate-programs?f%5B0%5D=area_of_study%3A2625
https://www.pacific.edu/academics/graduate-programs?f%5B0%5D=area_of_study%3A2626
https://www.pacific.edu/academics/graduate-programs?f%5B0%5D=area_of_study%3A2618
https://www.pacific.edu/academics/graduate-programs?f%5B0%5D=area_of_study%3A2621
https://www.pacific.edu/academics/graduate-programs?f%5B0%5D=campus%3A2048
https://www.pacific.edu/academics/graduate-programs?f%5B0%5D=campus%3A2046
https://www.pacific.edu/academics/graduate-programs?f%5B0%5D=area_of_study%3A2624
https://www.pacific.edu/academics/graduate-programs?f%5B0%5D=area_of_study%3A2652
https://www.pacific.edu/academics/graduate-programs?f%5B0%5D=area_of_study%3A2631
https://www.pacific.edu/academics/graduate-programs?f%5B0%5D=area_of_study%3A2628
https://www.pacific.edu/academics/graduate-programs?f%5B0%5D=campus%3A2047
https://www.pacific.edu/academics/graduate-programs?f%5B0%5D=area_of_study%3A2619
https://www.pacific.edu/academics/graduate-programs?f%5B0%5D=area_of_study%3A2632
https://www.pacific.edu/academics/graduate-programs?f%5B0%5D=area_of_study%3A2622
https://liberalarts.pacific.edu/liberalarts/academics/departments-and-programs
https://liberalarts.pacific.edu/liberalarts/academics/departments-and-programs/school-of-international-studies/directory
https://liberalarts.pacific.edu/liberalarts/give
https://liberalarts.pacific.edu/liberalarts/academics/departments-and-programs/school-of-international-studies/international-studies-program
https://liberalarts.pacific.edu/campus-directory/daniel-oneill
https://liberalarts.pacific.edu/liberalarts/academics/departments-and-programs/school-of-international-studies/anthropology-minor
https://liberalarts.pacific.edu/liberalarts
https://liberalarts.pacific.edu/liberalarts/academics/departments-and-programs/school-of-international-studies/study-abroad/piedro
https://www.pacific.edu/
https://www.pacific.edu/pacific-newsroom
https://inside.pacific.edu/
https://www.pacific.edu/website-feedback
https://www.pacific.edu/student-life/housing-dining/dining-retail/bookstores
https://www.pacificalumni.org/s/749/16/home.aspx
http://pacific.edu/liberalarts/academics/departments-and-programs/school-of-international-studies
https://liberalarts.pacific.edu/liberalarts/academics/departments-and-programs/school-of-international-studies
https://catalog.pacific.edu/search/?P=ANTH%20188
https://catalog.pacific.edu/search/?P=ANTH%20132
https://catalog.pacific.edu/search/?P=INTL%20151
https://liberalarts.pacific.edu/campus-directory/william-herrin
https://catalog.pacific.edu/search/?P=ANTH%20053
https://catalog.pacific.edu/search/?P=ANTH%20170
https://catalog.pacific.edu/search/?P=ANTH%20193
https://catalog.pacific.edu/stocktongeneral/schoolofinternationalstudies/#minortext
https://catalog.pacific.edu/search/?P=ANTH%20172
https://catalog.pacific.edu/search/?P=INTL%20161
https://catalog.pacific.edu/search/?P=ANTH%20134
https://business.pacific.edu/business/academics/finance
https://business.pacific.edu/business/centers-and-institutes/leadership-development
https://business.pacific.edu/business/academics/business-administration-major/business-analytics
https://business.pacific.edu/business/academics/business-administration-major/sport-management
https://connect.pacific.edu/portal/grad_appstart
https://business.pacific.edu/business/centers-and-institutes/center-for-business-and-policy-research
https://connect.pacific.edu/register/?id=b57e079a-faf7-4d56-83b2-bd9830d05371
https://business.pacific.edu/business/academics/master-of-business-administration
https://business.pacific.edu/business/academics/business-administration-major/finance
https://business.pacific.edu/business/academics/business-analytics
https://business.pacific.edu/business
https://go.pacific.edu/gradevents
https://business.pacific.edu/business/academics/master-of-accounting
https://business.pacific.edu/business/about
https://www.pacific.edu/node/44989
https://business.pacific.edu/business/academics/accounting-program
https://www.pacific.edu/business/directory
https://business.pacific.edu/business/give
https://business.pacific.edu/business/centers-and-institutes/institute-for-family-business
https://business.pacific.edu/business/academics/business-administration-major/marketing-management
https://business.pacific.edu/business/centers-and-institutes/career-management-center
https://business.pacific.edu/business/academics/business-administration-major/management-and-hr
https://engineering.pacific.edu/PIES
https://www.pacific.edu/academics/schools-and-colleges/eberhardt-school-of-business.html
https://www.pacific.edu/about-pacific/community
https://www.pacific.edu/admission/undergraduate#maincontent
https://www.pacific.edu/admission/international-students
https://www.pacific.edu/admission/transfer-veteran
https://www.pacific.edu/admission/admitted
https://support.google.com/answer/23852
https://www.pacific.edu/academics/majors-minors
https://www.pacific.edu/about-pacific/campus-maps
https://www.pacific.edu/about-pacific/strategic-plan
https://www.pacific.edu/about/administrative-offices
https://www.pacific.edu/student-life/academic-advising-and-career-services/career-services-center
https://www.pacific.edu/academics/centers-clinics-institutes
https://www.pacific.edu/admission/dates-deadlines
https://business.pacific.edu/business/academics/graduate-programs
https://business.pacific.edu/campus-directory/cynthia-eakin
https://business.pacific.edu/business/academics/accounting-program/keira-pollard-success-after-pacific
https://catalog.pacific.edu/stocktongraduate/eberhardtschoolofbusiness/
https://business.pacific.edu/business/academics/accounting-program/outstanding-student-hannah-ketcherside
https://connect.pacific.edu/register/InquiryForm
https://catalog.pacific.edu/stocktongeneral/eberhardtschoolofbusiness/#text
https://www.pacific.edu/node/45004
https://www.pacific.edu/student-life/housing-dining/residential-life-and-housing/stockton-housing/apartments
https://www.pacific.edu/student-life/housing-dining/residential-life-and-housing/stockton-frequently-asked-questions
https://www.pacific.edu/student-life/housing-dining/residential-life-and-housing/stockton-housing/upper-division-housing
https://www.pacific.edu/student-life/housing-dining/residential-life-and-housing/sacramento-housing
https://www.pacific.edu/student-life/housing-dining/residential-life-and-housing/apply-current-students
https://www.pacific.edu/student-life/housing-dining/residential-life-and-housing/directory
https://www.pacific.edu/student-life/housing-dining/residential-life-and-housing/stockton-housing/greek-housing
https://www.pacific.edu/student-life/housing-dining/residential-life-and-housing/apply-new-and-transfer-students
https://www.pacific.edu/sites/default/files/users/user671/Updated%20Official%20Housing%20Selection%20flyer-5.pdf
https://www.pacific.edu/student-life/housing-dining/residential-life-and-housing/residence-halls
https://augusta.accessiblelearning.com/Pacific/ApplicationStudent.aspx
https://augusta.accessiblelearning.com/Pacific/
https://augusta.accessiblelearning.com/Pacific/instructor/
https://www.pacific.edu/student-life/student-services/services-for-students-with-disabilities/directory
https://www.pacific.edu/student-life/student-conduct/emergency-management-response
https://www.pacific.edu/student-life/student-conduct/bias-discriminatory-harassment
https://www.pacific.edu/sites/default/files/users/user775/tiger_lore_20232024.pdf
https://www.pacific.edu/student-life/safety-wellness/counseling-and-psychological-services/victim-advocate
https://www.pacific.edu/student-life/safety-wellness/public-safety
https://pacific.rmcpay.com
https://pacific.cmrpay.com/permits/login
https://dental.pacific.edu/dental/about/locations-and-visitor-information/map-directions-and-parking
https://www.passportparking.com/
https://www.pacific.edu/student-life/safety-and-conduct/public-safety-and-services/campus-parking/stockton-campus-parking/types-of-stockton-campus-parking-permits
https://www.google.com/maps/place/Burns+Tower,+3601+Pacific+Ave,+Stockton,+CA+95211/@37.9808183,-121.3108088,17z/data=!3m1!4b1!4m5!3m4!1s0x80900da7887d1a2b:0x54b10a63f0bbf242!8m2!3d37.9808183!4d-121.3086201
https://pacific.rmcpay.com/
https://www.pacific.edu/student-life/housing-dining/residential-life-and-housing/stockton-housing
https://www.pacific.edu/student-life/student-services/services-for-students-with-disabilities
https://www.pacific.edu/sites/default/files/users/user245/What%20to%20Bring%20apts.pdf
https://www.pacific.edu/node/9305
https://www.pacific.edu/sites/default/files/users/user245/What%20to%20Bring%20res%20halls.pdf
https://www.pacific.edu/student-life/safety-wellness/public-safety/campus-parking
https://www.pacific.edu/student-life/housing-dining/residential-life-and-housing/stockton-housing/living-learning-communities
https://help.liaisonedu.com/ADEA_AADSAS_Applicant_Help_Center/Starting_Your_ADEA_AADSAS_Application/Getting_Started_with_Your_ADEA_AADSAS_Application/03_Application_Fees_and_Fee_Assistance_Program
https://www.adea.org/GoDental/Our_Mission.aspx
https://www.adea.org/GoDental/Dentistry_101/Need_for_diversity.aspx
https://www.adea.org/godental/
https://www.adea.org/GoDental/Application_Prep/Preparing_for_Dental_School.aspx
https://www.adea.org/GoDental/Events/
http://www.syscomservices.com/
https://www.adea.org/GoDental/Money_Matters.aspx
https://www.adea.org/GoDental/Money_Matters/Educational_Debt.aspx
http://www.adea.org/GoDental/Dental_Blogs/Advice_from_Admissions_Officers.aspx
http://www.adea.org/GoDental/Dental_Blogs/Hear_from_Practitioners.aspx
https://www.adea.org/Secondary.aspx?id=17137
https://www.adea.org/ApplicationServices/
https://www.adea.org/About-ADEA/
https://www.adea.org/GoDental/Career_Options/Advanced_Education_in_General_Dentistry.aspx
https://www.adea.org/GoDental/Future_Dental_Hygienists.aspx
https://www.adea.org/GoDental/Money_Matters/Resources.aspx
http://www.adea.org/GoDental/Dental_Blogs/Words_from_Your_Peers.aspx
http://www.adea.org/GoDental/Dental_Blogs/Tips_From_Current_D_D_S__and_D_H__Students.aspx
https://www.adea.org/about_adea/MembershipInformation/Pages/default.aspx
http://www.adea.org/GoDental/Dental_Blogs/Financial_Aid_Advice.aspx
https://www.adea.org/publications/Pages/default.aspx
https://www.adea.org/GoDental/Career_Options.aspx
https://www.adea.org/GoDental/Nontraditional_Applicants.aspx
https://www.adea.org/GoDental/Career_Options/Practice_Options.aspx
http://www.adea.org
http://www.youtube.com/user/AADSASAnswers
https://adea.org/ApplicationServices/Refund-Policy/
https://help.liaisonedu.com/ADEA_AADSAS_Applicant_Help_Center
https://www.adea.org/GoDental/Sitemap.aspx
https://www.adea.org/GoDental/Interviews/
https://www.adea.org/GoDental/Health_Professions_Advisors.aspx
https://www.adea.org/GoDental/AADSAS-SchoolSpecificDeadlines/
https://www.adea.org/GoDental/Career_Options/Advanced_Dental_Education_Programs.aspx
https://www.adea.org/GoDental/ADEA_AADSAS_Application/RE-APPLICANTS.aspx
https://www.adea.org/GoDental/Money_Matters/Cost_of_Attendance.aspx
https://www.adea.org/programcalendar/
https://www.adea.org/GoDental/Money_Matters/Financing_Options.aspx
https://help.liaisonedu.com/ADEA_AADSAS_Applicant_Help_Center/Starting_Your_ADEA_AADSAS_Application/Getting_Started_with_Your_ADEA_AADSAS_Application/08_Customer_Service
https://www.facebook.com/ADEAGoDental1
https://www.adea.org/WorkArea/DownloadAsset.aspx?id=42962
https://www.adea.org/GoDental/Application_Prep.aspx
https://form.jotform.com/223115151942144
https://www.adea.org/GoDentalPastEvents/
https://www.adea.org/GoDental/The_application_to_dental_school__ADEA_AADSAS.aspx
https://www.adea.org/login.aspx?id=66&ReturnURL=https://www.adea.org/CustomTemplates/GoDental/GDContent.aspx?id=41191
https://twitter.com/adeagodental
https://www.adea.org/GoDental/Dentistry_101/Is_dentistry_right_for_you_.aspx
https://www.adea.org/GoDental/Dentistry_101/Why_be_a_dentist_.aspx
https://www.adea.org/GoDental/ADEA_AADSAS_Application/Student_Stories_In_Their_Own_Words_During_a_Pandemic.aspx
http://instagram.com/adeagodental/
https://www.adea.org/policy_advocacy/Pages/default.aspx
https://www.tmdsas.com/
http://www.votervoice.net/ADEA/Home
https://www.adea.org/GoDental/Money_Matters/Practice_or_Residency.aspx
https://www.adea.org/GoDental/Future_Dentists.aspx
https://www.adea.org/GoDental/Application_Prep/The_admissions_process.aspx
https://www.adea.org/GoDental/About_ADEA_GoDental.aspx
https://www.adea.org/GoDental/Site_Pages/Contact_Us.aspx
https://www.adea.org/GoDental/ADEAAADSASApplicationUpdates/
https://www.adea.org/GoDental/Dentistry_101.aspx
https://www.youtube.com/watch?v=z3TwsenKXB4
https://www.adea.org/GoDental/ADEA_GoDental_Privacy_Policy.aspx
http://www.adea.org/GoDental/Dental_Blogs/Health_Professions_Advisor_Views.aspx
http://www.adea.org/CAAPIDapp/
https://www.adea.org/GoDental/Money_Matters/International_Students.aspx
https://aadsas.liaisoncas.com/applicant-ux/#/login
https://www.adea.org/GoDental/Money_Matters/Applying_for_Aid.aspx
https://www.adea.org/GoDental/Events/GoDental_Events.aspx
https://access.adea.org/adeassa/censsacustmast.insert_page?p_return_page=Login_Page&p_varname=p_val_arr%5b0%5d&p_colname=p_last_nm&p_varname=p_val_arr%5b1%5d&p_colname=p_alias&p_varname=p_val_arr%5b2%5d&p_colname=p_login_id&p_varname=p_val_arr%5b3%5d&p_colname=p_passwd&p_context=GODENT
http://dentedjobs.adea.org/
https://www.adea.org/GoDental/Dental_Blogs.aspx
https://www.adea.org/GoDental/Apply/
https://sfdental.pacific.edu/admissions1/DDS/secure/appFee.aspx
https://www.ada.org/education/testing/exams/dental-admission-test-dat
https://outlook.office365.com/owa/calendar/OfficeofAdmissionsandFinancialAid@PacificEdu.onmicrosoft.com/bookings/
https://www.pacific.edu
https://www.pacific.edu/blog/tag/mentorship/
https://www.pacific.edu/blog/tag/powell-scholar/
https://www.facebook.com/uopadmission
https://www.pacific.edu/blog/2023/09/28/how-to-get-the-most-out-of-an-academic-support-session/
https://www.pacific.edu/blog/tag/stockton/
https://www.pacific.edu/blog/tag/scholarship/
https://www.pacific.edu/blog/author/mnishimura/
https://www.pacific.edu/blog/category/apply/
https://www.pacific.edu/blog/2023/09/29/the-fafsa-is-changing-in-2024-heres-how-to-prepare-now/
https://peopleofpacific.com/
https://www.pacific.edu/blog/tag/programs/
https://www.pacific.edu/blog/digital-swag/
https://www.pacific.edu/blog/2023/09/27/advice-for-overcoming-imposter-syndrome-in-college-2/
https://www.pacific.edu/blog/category/people/
https://www.pacific.edu/blog/tag/application/
https://www.pacific.edu/blog/2023/09/27/a-powell-scholars-first-year-at-pacific/?share=facebook
https://www.pacific.edu/blog/tag/media-x/
https://grad.pacific.edu/academics/undergraduate-programs
https://www.campusreel.org/colleges/university-of-the-pacific
https://peopleofpacific.com/2023/07/28/psychology-and-speech-language-pathology-students-transformative-internship-in-the-dominican-republic/
https://peopleofpacific.com/posts/
https://www.pacific.edu/blog/2023/10/04/why-are-general-education-courses-important/
https://connect.pacific.edu/account/login?r=https%3a%2f%2fconnect.pacific.edu%2fapply%2fform%3fid%3d1b3aea5e-eff3-428c-ad52-7a5e2548b9b2
https://www.pacific.edu/blog/category/lifestyle/
https://www.pacific.edu/blog/tag/health-and-exercise-sciences/
https://www.pacific.edu/blog/tag/study-abroad/
https://www.pacific.edu/blog/about/
https://www.pacific.edu/blog/category/popular/
http://wordpress.org
https://www.pacific.edu/blog/2023/09/27/a-powell-scholars-first-year-at-pacific/?share=twitter
https://www.pacific.edu/blog/category/school/
https://www.instagram.com/uopadmission/
https://www.pacific.edu/blog/
https://themeisle.com/themes/neve/
https://www.pacific.edu/blog/category/uncategorized/
https://www.pacific.edu/blog/tag/first-year/
https://www.pacific.edu/blog/2023/09/27/a-powell-scholars-first-year-at-pacific/#print
https://www.pacific.edu/blog/tag/research/
https://www.pacific.edu/blog/2023/09/27/a-powell-scholars-first-year-at-pacific/?share=linkedin
https://www.pacific.edu/blog/2023/08/16/new-pacific-tigers-welcome-to-stockton/
https://www.pacific.edu/blog/2023/07/28/psychology-and-speech-language-pathology-students-transformative-internship-in-the-dominican-republic/
https://www.pacific.edu/blog/author/admin/
https://www.pacific.edu/calendar/Pacific%20Welcome/all/all/all
https://www.pacific.edu/blog/2023/08/03/everything-you-need-to-know-about-new-student-and-family-orientation/?share=facebook
https://www.pacific.edu/blog/tag/orientation/
https://www.pacific.edu/blog/2023/08/03/everything-you-need-to-know-about-new-student-and-family-orientation/?share=twitter
http://connect.pacific.edu
https://www.pacific.edu/blog/2023/09/27/a-powell-scholars-first-year-at-pacific/
https://www.pacific.edu/blog/2023/08/03/everything-you-need-to-know-about-new-student-and-family-orientation/?share=linkedin
https://www.pacific.edu/blog/2023/08/03/everything-you-need-to-know-about-new-student-and-family-orientation/#print
https://www.pacific.edu/sites/default/files/users/user797/Sacramento%20Housing%20Rates%2023-24%20Final%20Draft.pdf
https://my.pacific.edu/dashboard
https://my.pacific.edu/pages/flexible-spending-accounts
https://benefits.pacific.edu/
https://healthsciences.pacific.edu/healthsciences/programs/master-of-physician-assistant-studies/physician-assistant-program-admissions
https://healthsciences.pacific.edu/healthsciences/programs/master-of-physician-assistant-studies/directory
https://healthsciences.pacific.edu/calendar/Physician%20Assistant/all/all/all
https://www.pacific.edu/sites/default/files/users/user815/NCCPA%20PANCE%20Exam%20Performance%20Summary%20Report%20Last%205%20Years%208.25.23%5B33%5D.pdf
https://grad.pacific.edu/calendar/Admissions-Graduate/all/all/all
https://healthsciences.pacific.edu/healthsciences/programs
https://healthsciences.pacific.edu/healthsciences/programs/master-of-physician-assistant-studies/physician-assistant-program-mission-vision-values
https://healthsciences.pacific.edu/healthsciences/programs/master-of-physician-assistant-studies/physician-assistant-program-curriculum
https://healthsciences.pacific.edu/healthsciences/programs/master-of-physician-assistant-studies/physician-assistant-program-admission-policies
https://healthsciences.pacific.edu/healthsciences/programs/master-of-physician-assistant-studies/physician-assistant-program-deadlines-and-application
https://healthsciences.pacific.edu/healthsciences/programs/master-of-physician-assistant-studies/physician-assistant-program-faq
https://healthsciences.pacific.edu/healthsciences/programs/master-of-physician-assistant-studies/physician-assistant-program-tuition-and-fees
https://healthsciences.pacific.edu/healthsciences/programs/master-of-physician-assistant-studies
https://healthsciences.pacific.edu/healthsciences/programs/master-of-physician-assistant-studies/about-physician-assistant-program
https://healthsciences.pacific.edu/healthsciences/programs/master-of-physician-assistant-studies/physician-assistant-program-alumni
https://healthsciences.pacific.edu/healthsciences/programs/master-of-physician-assistant-studies/physician-assistant-program-academics
https://healthsciences.pacific.edu/sites/default/files/2023-05/Matriculant%20Data%20CL25_0.pdf
https://healthsciences.pacific.edu/healthsciences/programs/master-of-physician-assistant-studies/physician-assistant-program-prerequisites
https://healthsciences.pacific.edu/healthsciences/programs/master-of-physician-assistant-studies/physician-assistant-program-policies
https://healthsciences.pacific.edu/healthsciences/programs/master-of-physician-assistant-studies/physician-assistant-program-news
https://healthsciences.pacific.edu/healthsciences
https://healthsciences.pacific.edu/sites/default/files/2023-05/Program%20Goals_Outcomes_Satisfaction%20Report.pdf
https://healthsciences.pacific.edu/healthsciences/programs/master-of-physician-assistant-studies/physician-assistant-program-goals-and-outcomes
https://www.pacific.edu/sites/default/files/2022-08/Student-Attrition-Report.pdf
https://healthsciences.pacific.edu/healthsciences/programs/master-of-physician-assistant-studies/physician-assistant-program-additional-requirements
https://www.es.ets.org/toefl/test-takers/ibt/scores.html
https://www.linkedin.com/company/educational-testing-service-ets
https://www.cn.ets.org/toefl/test-takers/ibt/scores.html
https://twitter.com/etsinsights?lang=en
https://www.pt.ets.org/toefl/test-takers/ibt/scores.html
https://www.de.ets.org/toefl/test-takers/ibt/scores.html
https://www.fr.ets.org/toefl/test-takers/ibt/scores.html
https://www.jp.ets.org/toefl/test-takers/ibt/scores.html
https://www.tr.ets.org/toefl/test-takers/ibt/scores.html
https://www.kr.ets.org/toefl/test-takers/ibt/scores.html
https://help.liaisonedu.com/CASAA_Applicant_Help_Center/Submitting_and_Monitoring_Your_CASAA_Application/Verification_and_GPA_Calculations_for_CASAA/7_Disputing_and_Correcting_Course_Subjects_and_GPAs
https://help.liaisonedu.com/CASPA_Applicant_Help_Center/Starting_Your_CASPA_Application/Getting_Started_with_Your_CASPA_Application
https://help.liaisonedu.com/@api/deki/pages/417/pdf/CASPA%2bApplicant%2bHelp%2bCenter.pdf?stylesheet=default
https://help.liaisonedu.com/CASPA_Applicant_Help_Center/Starting_Your_CASPA_Application
https://help.liaisonedu.com/CASPA_Applicant_Help_Center/Filling_Out_Your_CASPA_Application/CASPA_Program_Materials
https://help.liaisonedu.com/CASPA_Applicant_Help_Center/Starting_Your_CASPA_Application/Adding_and_Deleting_CASPA_Programs
https://help.liaisonedu.com
https://help.liaisonedu.com/Special:UserLogin?returntotitle=CASPA_Applicant_Help_Center
https://mindtouch.com/demo
https://help.liaisonedu.com/CASPA_Applicant_Help_Center/Sending_Your_Official_Transcripts_and_Test_Scores_to_CASPA
https://help.liaisonedu.com/CASPA_Applicant_Help_Center/Filling_Out_Your_CASPA_Application/CASPA_Personal_Information
https://help.liaisonedu.com/CASPA_Applicant_Help_Center/Submitting_and_Monitoring_Your_CASPA_Application
https://help.liaisonedu.com/CASPA_Applicant_Help_Center/Filling_Out_Your_CASPA_Application/CASPA_Supporting_Information
https://help.liaisonedu.com/CASPA_Applicant_Help_Center/Filling_Out_Your_CASPA_Application
https://help.liaisonedu.com/CASPA_Applicant_Help_Center/Starting_Your_CASPA_Application/Creating_and_Managing_Your_CASPA_Account
https://help.liaisonedu.com/CASPA_Applicant_Help_Center/Sending_Your_Official_Transcripts_and_Test_Scores_to_CASPA/Sending_Official_Test_Scores_to_CASPA
https://help.liaisonedu.com/
https://help.liaisonedu.com/Special:UserPassword
https://help.liaisonedu.com/Special:Search?tags=article%3Atopic-category
https://help.liaisonedu.com/CASPA_Applicant_Help_Center/CASPA_Internal_Reference_Information_and_Email_Templates/Education_Team_Documents/CASPA_Feedback_Form
https://help.liaisonedu.com/CASPA_Applicant_Help_Center/Starting_Your_CASPA_Application/Getting_Started_with_Your_CASPA_Application/6_CASPA_Customer_Service
https://help.liaisonedu.com/CASPA_Applicant_Help_Center/Filling_Out_Your_CASPA_Application/CASPA_Academic_History
https://help.liaisonedu.com/CASPA_Applicant_Help_Center/Sending_Your_Official_Transcripts_and_Test_Scores_to_CASPA/Sending_Official_Transcripts_to_CASPA
https://help.liaisonedu.com/CASPA_Applicant_Help_Center/Submitting_and_Monitoring_Your_CASPA_Application/Verification_and_GPA_Calculations_for_CASPA
https://help.liaisonedu.com/CASPA_Applicant_Help_Center/Submitting_and_Monitoring_Your_CASPA_Application/Before_and_After_You_Submit_Your_CASPA_Application
https://help.liaisonedu.com/CASPA_Applicant_Help_Center/Starting_Your_CASPA_Application/Getting_Started_with_Your_CASPA_Application/00_CASPA_Quick_Start_Guide
https://www.instagram.com/gregeneraltest/?hl=en
https://www.gradschoolmatch.com
https://www.cn.ets.org/gre.html
https://www.pt.ets.org/gre.html
https://abovethelaw.com/2021/11/the-lsats-monopoly-on-law-school-admissions-is-officially-over
https://www.facebook.com/GREGeneralTest/
https://www.tr.ets.org/gre.html
https://www.linkedin.com/company/educational-testing-service-gre
https://www.kr.ets.org/gre.html
https://www.de.ets.org/gre.html
https://www.fr.ets.org/gre.html
https://www.es.ets.org/gre.html
https://www.jp.ets.org/gre.html
https://help.liaisonedu.com/@api/deki/files/2885/GPA_Calculation_20210629.xlsx?revision=5
https://help.liaisonedu.com/CASPA_Applicant_Help_Center/Filling_Out_Your_CASPA_Application/CASPA_Academic_History/4_CASPA_Course_Subjects#Math
https://help.liaisonedu.com/CASPA_Applicant_Help_Center/Filling_Out_Your_CASPA_Application/CASPA_Academic_History/4_CASPA_Course_Subjects#Other+Non-Science
https://help.liaisonedu.com/CASPA_Applicant_Help_Center/Filling_Out_Your_CASPA_Application/CASPA_Academic_History/4_CASPA_Course_Subjects#Inorganic+Chemistry
https://help.liaisonedu.com/CASPA_Applicant_Help_Center/Filling_Out_Your_CASPA_Application/CASPA_Academic_History/4_CASPA_Course_Subjects#Behavioral%2BScience
https://help.liaisonedu.com/CASPA_Applicant_Help_Center/Filling_Out_Your_CASPA_Application/CASPA_Academic_History/4_CASPA_Course_Subjects#BiologyZoology
https://help.liaisonedu.com/CASPA_Applicant_Help_Center/Filling_Out_Your_CASPA_Application/CASPA_Academic_History/4_CASPA_Course_Subjects#English
https://help.liaisonedu.com/CASPA_Applicant_Help_Center/Filling_Out_Your_CASPA_Application/CASPA_Academic_History/4_CASPA_Course_Subjects#Other+Science
https://help.liaisonedu.com/CASPA_Applicant_Help_Center/Filling_Out_Your_CASPA_Application/CASPA_Academic_History/4_CASPA_Course_Subjects
https://help.liaisonedu.com/CASPA_Applicant_Help_Center/Filling_Out_Your_CASPA_Application/CASPA_Academic_History/4_CASPA_Course_Subjects#Organic+Chemistry
https://help.liaisonedu.com/@api/deki/pages/835/pdf/Calculating%2bYour%2bCASPA%2bGPAs.pdf?stylesheet=default
https://help.liaisonedu.com/Special:Search?tags=article%3Atopic
https://help.liaisonedu.com/CASPA_Applicant_Help_Center/Filling_Out_Your_CASPA_Application/CASPA_Academic_History/4_CASPA_Course_Subjects#Physics
https://help.liaisonedu.com/CASPA_Applicant_Help_Center/Submitting_and_Monitoring_Your_CASPA_Application/Verification_and_GPA_Calculations_for_CASPA/3_Finding_Your_CASPA_GPA_Calculations
https://help.liaisonedu.com/Special:UserLogin?returntotitle=CASPA_Applicant_Help_Center%2FSubmitting_and_Monitoring_Your_CASPA_Application%2FVerification_and_GPA_Calculations_for_CASPA%2F2_How_Your_GPA_is_Calculated
https://help.liaisonedu.com/CASPA_Applicant_Help_Center/Filling_Out_Your_CASPA_Application/CASPA_Academic_History/4_CASPA_Course_Subjects#Biochemistry
https://help.liaisonedu.com/CASPA_Applicant_Help_Center/Submitting_and_Monitoring_Your_CASPA_Application/Verification_and_GPA_Calculations_for_CASPA/2_Correcting_an_Undelivered_Application
https://healthsciences.pacific.edu/healthsciences/programs/master-of-physician-assistant-studies/physician-assistant-program-visit-us
https://documentcloud.adobe.com/link/track?uri=urn:aaid:scds:US:2e2e3403-695d-4cc1-9fbe-d8cc2856c40a
https://www.wes.org/
https://www.ets.org/toefl/ibt/scores
https://help.liaisonedu.com/CASPA_Applicant_Help_Center
https://documentcloud.adobe.com/link/track?uri=urn:aaid:scds:US:bce32a2a-4620-453e-b1c4-9821d3858319
http://www.arc-pa.org/accreditation-history-university-of-the-pacific
https://calendar.pacific.edu/search?search=physician%20assistant
https://www.ets.org/gre
https://help.liaisonedu.com/CASPA_Applicant_Help_Center/Submitting_and_Monitoring_Your_CASPA_Application/Verification_and_GPA_Calculations_for_CASPA/2_How_Your_GPA_is_Calculated
https://healthsciences.pacific.edu/healthsciences/programs/nursing/questions#2
https://healthsciences.pacific.edu/healthsciences/programs/nursing
https://healthsciences.pacific.edu/healthsciences/programs/nursing/tuition-and-fees
https://healthsciences.pacific.edu/healthsciences/programs/nursing/admission
https://healthsciences.pacific.edu/campus-directory/ann-stoltz
https://healthsciences.pacific.edu/healthsciences/programs/nursing/directory
https://law.pacific.edu/law/sacramento
https://law.pacific.edu/law/llm-and-jsd
https://law.pacific.edu/law/jd-programs/certificates-of-concentration
https://www.pacific.edu/student-life/safety-wellness/counseling-and-psychological-services/campus-services-programs
https://law.pacific.edu/law/adjunct-faculty/directory
https://law.pacific.edu/law/legal-clinics/elder-and-health-law-clinic
https://law.pacific.edu/law/apply
https://law.pacific.edu/law/legal-clinics/bankruptcy-clinic
https://law.pacific.edu/law/jd-programs/come-meet-us
https://law.pacific.edu/law/giving
https://law.pacific.edu/law/diversity-and-inclusion
https://www.pacific.edu/pacific-newsroom/eglets-give-historic-gift-pacifics-mcgeorge-school-law
https://www.youtube.com/user/pacificmcgeorge
https://law.pacific.edu/pacific-newsroom/mcgeorges-immigration-law-clinic-assists-members-afghan-community
https://law.pacific.edu/law/alumni
https://law.pacific.edu/law/community-standards-civil-discourse
https://law.pacific.edu/law/legal-employers-diversity-collective
https://law.pacific.edu/law/jd-degree/curriculum-overview
https://law.pacific.edu/law/cso/recruit-at-mcgeorge
https://law.pacific.edu/law/institutional-partnerships
https://law.pacific.edu/law/publications
https://law.pacific.edu/law/about-mcgeorge/aba-required-disclosures
https://www.instagram.com/pacificmcgeorge/
https://onlinelaw.pacific.edu/
https://law.pacific.edu/law/emeritus-faculty/directory
https://law.pacific.edu/sacramento-library
https://law.pacific.edu/law/global-center
https://law.pacific.edu/law/student-services-office
https://law.pacific.edu/law/master-of-science-in-law
https://law.pacific.edu/law/student-complaint-process
https://law.pacific.edu/law/capital-center
https://law.pacific.edu/law/centers
https://law.pacific.edu/law/legal-clinics/prisoner-civil-rights-mediation-clinic
https://law.pacific.edu/law/legal-clinics/federal-defender-clinic
https://law.pacific.edu/law/accreditation-and-membership
https://law.pacific.edu/law/legal-clinics/homeless-advocacy-clinic
https://law.pacific.edu/campus-directory/michael-hunter-schwartz
https://law.pacific.edu/law/faculty
https://law.pacific.edu/law/mpa-and-mpp
https://twitter.com/PacificMcGeorge
https://www.facebook.com/pacificmcgeorgeschooloflaw/
https://law.pacific.edu/law/student-organizations
https://law.pacific.edu/law/legal-clinics/immigration-law-clinic
https://law.pacific.edu/law/academic-support
https://law.pacific.edu/law/capital-center/capital-commendation
https://law.pacific.edu/law/calendars-and-schedules
https://law.pacific.edu/law/conferences-and-symposia
https://www.linkedin.com/school/pacific-mcgeorge/
https://law.pacific.edu/law/victims-rights
https://law.pacific.edu/law/center-for-advocacy-and-dispute-resolution
https://law.pacific.edu/law/financial-aid
https://law.pacific.edu/law/about-mcgeorge/history
https://law.pacific.edu/law/legal-clinics/legislative-and-public-policy-clinic
https://law.pacific.edu/law/faculty/directory
https://law.pacific.edu/pacific-newsroom/students-help-first-nation-healthcare-reform-become-law
https://law.pacific.edu/law/request-for-information
https://law.pacific.edu/law/cso
https://law.pacific.edu/law/llm-and-jsd-programs/application-requirements
https://law.pacific.edu/law/jd-programs
https://law.pacific.edu/law/about-mcgeorge
https://law.pacific.edu/pacific-newsroom/mcgeorge-school-law-prepares-alumnus-dream-job-trial-attorney
https://law.pacific.edu/law/tuition-and-fees
https://law.pacific.edu/law/experiential-learning
https://law.pacific.edu/law/registrar
https://law.pacific.edu/law/llm-program-application-requirements
https://law.pacific.edu/law
https://insidepacific.pacific.edu/cp/home/displaylogin
https://www.pacific.edu/about-pacific/administrative-offices/office-of-the-registrar/academic-calendar
https://engineering.pacific.edu/engineering/academics/civil-engineering
https://securelb.imodules.com/s/749/givingform.aspx?sid=749&gid=1&pgid=1929&cid=3706
https://engineering.pacific.edu/engineering/student-experience/diversity/MESA-Schools
https://engineering.pacific.edu/engineering/academics/minors
https://engineering.pacific.edu/engineering/student-experience
https://www.pacific.edu/about-pacific/administrative-offices/university-development-alumni-relations/how-to-make-a-gift
https://engineering.pacific.edu/engineering/academics/ms-data-science
https://engineering.pacific.edu/engineering/academics/online-masters-cybersecurity
https://engineering.pacific.edu/engineering/student-experience/diversity
https://engineering.pacific.edu/engineering/academics/engineering-management
https://engineering.pacific.edu/engineering/student-experience/student-organizations
https://www.pacific.edu/campus-directory/daniel-mackeben
https://securelb.imodules.com/s/749/g21/form.aspx?sid=749&gid=1&pgid=1929&cid=3706&bledit=1&dids=300
https://engineering.pacific.edu/engineering/academics/computer-engineering
https://engineering.pacific.edu/engineering/academics/computer-science
https://engineering.pacific.edu/engineering/academics/mechanical-engineering
https://engineering.pacific.edu/engineering/academics/bioengineering
https://engineering.pacific.edu/engineering/academics/engineering-physics
https://engineering.pacific.edu/engineering/student-experience/diversity/MESA-University
https://engineering.pacific.edu/engineering/academics/electrical-engineering
https://engineering.pacific.edu/engineering/academics/MSCS
https://engineering.pacific.edu/engineering/directory
https://engineering.pacific.edu/engineering/transfer
https://engineering.pacific.edu/engineering/academics/MSES
https://catalog.pacific.edu/stocktongraduate/academicregulations/#GCU
https://engineering.pacific.edu/engineering/give
https://law.pacific.edu/law/master-of-science-in-law/online-legal-concentration-in-business
https://law.pacific.edu/law/master-of-science-in-law/legal-concentration-in-human-resources
https://law.pacific.edu/law/tuition-and-fees#msltuition
https://law.pacific.edu/law/master-of-science-in-law/msl-faq
https://onlinelaw.pacific.edu/msl-government-law-and-policy/
https://onlinelaw.pacific.edu/msl-water-and-environmental/
https://law.pacific.edu/law/master-of-science-in-law/msl-application
https://law.pacific.edu/law/master-of-science-in-law/legal-concentration-in-health
https://law.pacific.edu/law/msl-curriculum
https://www.pacific.edu/blog/2022/09/01/faq/
https://www.pacific.edu/blog/2022/09/01/faq/?share=twitter
http://pacificwritingcenter.weebly.com/
https://www.pacific.edu/blog/tag/student-life/
https://go.pacific.edu/FinancialAid
https://www.pacific.edu/blog/2022/09/01/faq/?share=facebook
https://www.pacific.edu/blog/2022/09/06/week-of-welcome-gives-students-exhilarating-introduction-to-pacific%ef%bf%bc/
https://www.pacific.edu/blog/2022/09/01/things-to-do-in-and-around-stockton-in-september%ef%bf%bc/
https://go.pacific.edu/housing
https://www.pacific.edu/student-life/housing-dining/dining-and-retail/stockton-dining
https://www.pacific.edu/blog/tag/campus/
https://www.pacific.edu/blog/tag/university-of-the-pacific/
https://www.instagram.com/uopadmission/guide/residential-learning-communities-at-pacific/17939508124457793/?utm_campaign=&utm_medium=&utm_source=ig_web_copy_link
https://www.pacific.edu/blog/tag/financial-aid/
https://www.pacific.edu/blog/2022/09/01/faq/?share=linkedin
https://pacific.edu/student-life/safety-wellness/public-safety
https://visitstockton.org/
https://www.fafsa.ed.gov/
https://visitcalifornia.com/
https://www.pacific.edu/blog/tag/faq/
https://www.pacific.edu/student-life/housing-dining/residential-and-life-housing/housing-options
https://www.pacific.edu/blog/2022/09/01/faq/#print
https://law-pacific-csm.symplicity.com/
https://law.pacific.edu/law/cso/what-we-do/cso-faq
https://law.pacific.edu/law/cso/alumni-resources
https://mcgeorge.wufoo.com/forms/zsks4i61prh3hn
https://law.pacific.edu/law/cso/create-your-career-plan
https://law-pacific-csm.symplicity.com/students/?signin_tab=0
https://law.pacific.edu/law/cdo/oci-information
https://law.pacific.edu/law/cso/what-we-do
https://law.pacific.edu/law/cso/employment-statistics
https://law.pacific.edu/law/cso/247-career-resources
https://csoappointmentschedule.as.me/
https://law.pacific.edu/law/conference-reimbursement-form
https://law-pacific-csm.symplicity.com/students/
https://healthsciences.pacific.edu/healthsciences/programs/ms-speech-language-pathology
https://www.pacific.edu/academics/centers-clinics-institutes/clinical-education/become-an-educator
https://healthsciences.pacific.edu/healthsciences/programs/doctor-of-physical-therapy
https://pharmacy.pacific.edu/pharmacy/academics/doctor-pharmacy
https://healthsciences.pacific.edu/healthsciences/programs/audiology
https://healthsciences.pacific.edu/healthsciences/programs/ms-athletic-training
https://healthsciences.pacific.edu/healthsciences/programs/doctor-of-occupational-therapy
https://healthsciences.pacific.edu/healthsciences/programs/ms-clinical-nutrition
https://music.pacific.edu/music/ma-music-therapy
https://healthsciences.pacific.edu/healthsciences/programs/social-work
https://healthsciences.pacific.edu/healthsciences/programs/social-work/directory
https://healthsciences.pacific.edu/healthsciences/programs/dmsc-dhsc/directory
https://healthsciences.pacific.edu/campus-directory/koesterer-thomas-tk
https://healthsciences.pacific.edu/campus-directory/david-gillette
https://healthsciences.pacific.edu/campus-directory/perkins-natalie
https://healthsciences.pacific.edu/healthsciences/programs/physical-therapy/faculty/directory
https://healthsciences.pacific.edu/campus-directory/jed-grant
https://healthsciences.pacific.edu/campus-directory/alicia-gordon
https://healthsciences.pacific.edu/healthsciences/programs/clinical-nutrition/faculty/directory
https://healthsciences.pacific.edu/campus-directory/tracey-delnero
https://healthsciences.pacific.edu/healthsciences/programs/doctor-of-occupational-therapy/faculty/directory
https://healthsciences.pacific.edu/campus-directory/long-wang
https://healthsciences.pacific.edu/campus-directory/denise-carlton
https://healthsciences.pacific.edu/campus-directory/abigail-fredrickson
https://healthsciences.pacific.edu/campus-directory/maureen-gillette
https://healthsciences.pacific.edu/campus-directory/jessica-garner
https://healthsciences.pacific.edu/campus-directory/nurit-fischer-shemer
https://healthsciences.pacific.edu/healthsciences/directory?page=1
https://healthsciences.pacific.edu/campus-directory/nicoleta-bugnariu
https://healthsciences.pacific.edu/campus-directory/rajvinder-bains
https://healthsciences.pacific.edu/healthsciences/programs/ms-athletic-training/directory
https://healthsciences.pacific.edu/healthsciences/programs/audiology/directory
https://healthsciences.pacific.edu/campus-directory/todd-davenport
https://pharmacy.pacific.edu/campus-directory/gabriella-musacchia
https://healthsciences.pacific.edu/campus-directory/curtis-fowler
https://healthsciences.pacific.edu/campus-directory/phelan-tamara
https://healthsciences.pacific.edu/campus-directory/amanda-west
https://healthsciences.pacific.edu/healthsciences/programs/speech-language-pathology/directory
https://healthsciences.pacific.edu/campus-directory/derek-isetti-0
https://www.pacific.edu/pacific-newsroom/pacific-require-students-be-vaccinated-covid-19
https://calendar.pacific.edu/search?search=clinical%20nutrition
https://www.pacific.edu/pacific-newsroom/pacific-requires-all-employees-be-vaccinated-covid-19
https://www.pacific.edu/financial-aid/other-aid/fafsa-guide
https://healthsciences.pacific.edu/healthsciences/programs/ms-clinical-nutrition/frequently-asked-questions
https://healthsciences.pacific.edu/healthsciences/programs/ms-clinical-nutrition/scholarships
https://www.pacific.edu/student-life/safety-wellness/student-health-services/immunization-requirement  
https://gradcas.liaisoncas.org/apply/
https://myturn.ca.gov/
http://echo4.bluehornet.com/ct/100424615:TQP5YCEmN:m:1:3241261060:20236504FCD1ACAC3E833BCD0BAA2D8D:r
https://grad.pacific.edu/admission/graduate/apply
https://www.servsafe.com/ServSafe-Manager
https://grad.pacific.edu/grad/admission/request-information
https://www.k-state.edu
https://canvas.k-state.edu
https://webcms.k-state.edu
https://online.k-state.edu/
https://connect.k-state.edu
https://orgcentral.k-state.edu
https://www.k-state.edu/advisories/
https://kstate.qualtrics.com/SE/?SID=SV_71wWd2LdI2Of9dz
https://www.facebook.com/kstateonline1
https://hris.k-state.edu
https://www.linkedin.com/showcase/k-state-online
https://a.cms.omniupdate.com/11/?skin=k-state&account=k-state&site=online-programs&action=de&path=/how-to-apply/non-degree/index.pcf
https://www.youtube.com/kstateglobalcampus
https://www.k-state.edu/disclosures/kbor-free-expression.html
https://www.k-state.edu/about/copyright.html
https://www.k-state.edu/contact/
https://apply.ksu.edu/
https://twitter.com/kstateonline1
https://k-state.navigate.eab.com
https://www.k-state.edu/
https://ksis.k-state.edu
https://webmail.k-state.edu
https://www.k-state.edu/admission/request-info/?tfa_4=Online
https://search.k-state.edu
https://www.k-state.edu/directories/
https://ksdegreestats.org
https://www.k-state.edu/about/values/accessibility/
https://online.k-state.edu/how-to-apply/
https://www.k-state.edu/disclosures/
https://apply1.k-state.edu/app/open/GraduateNondegreeLanding_open.action
https://www.pacific.edu/academics/clinical-education
http://www.eatrightpro.org/ACEND
https://www.eatrightpro.org/acend/accreditation-process/candidacy-for-accreditation
https://calendar.pacific.edu/search/events?search=Clinical%20Nutrition%2C%20MS%20Events&order=date&days=365&experience=&event_types%5B0%5D=31688448980531
https://healthsciences.pacific.edu/healthsciences/directory
https://healthsciences.pacific.edu/healthsciences/programs/ms-clinical-nutrition/admissions
https://grad.pacific.edu/healthsciences/programs/ms-clinical-nutrition/tuition-fees
https://online.k-state.edu/how-to-apply/non-degree/
https://www.aota.org/
https://otcas.liaisoncas.com/applicant-ux/#/login
https://healthsciences.pacific.edu/healthsciences/programs/occupational-therapy/cost-of-attendance
https://www.pacific.edu/about-pacific/administrative-offices/university-development-alumni-relations/contact
https://www.pacific.edu/about-pacific/administrative-offices/university-development-alumni-relations/impact-of-giving
https://www.pacific.edu/about-pacific/administrative-offices/university-development-alumni-relations/powell-fund
https://www.pacific.edu/about-pacific/administrative-offices/university-development-alumni-relations/powell-fund/powell-match/faqs
https://www.pacific.edu/about-pacific/administrative-offices/university-development-alumni-relations/powell-fund/powell-match
https://pacifictigers.com/
http://www.pacific.edu/
https://studentaid.gov/h/apply-for-aid/fafsa
https://www.pacific.edu/blog/2023/10/12/dont-miss-these-events-at-homecoming-weekend-2023/?share=linkedin
https://www.pacific.edu/blog/2023/10/12/dont-miss-these-events-at-homecoming-weekend-2023/?share=twitter
https://www.pacific.edu/blog/tag/family/
https://www.pacific.edu/blog/tag/campus-life/
https://www.pacific.edu/blog/2023/10/11/2023-pacific-fall-open-house-and-homecoming-what-to-know/
https://www.pacific.edu/blog/tag/homecoming/
https://www.pacific.edu/blog/tag/community/
https://www.pacific.edu/blog/tag/entertainment/
https://www.pacific.edu/blog/2023/10/12/dont-miss-these-events-at-homecoming-weekend-2023/#print
https://www.pacific.edu/blog/tag/athletics/
https://www.pacific.edu/blog/tag/events/
https://www.pacific.edu/blog/2023/10/12/dont-miss-these-events-at-homecoming-weekend-2023/?share=facebook
https://www.pacific.edu/blog/2023/10/12/dont-miss-these-events-at-homecoming-weekend-2023/
